country,vaccinationratio,populationratio,ratioofratios
INDIA,0.8978279824345153,0.9427446785050988,0.9523553968590865
