country,vaccinateddose1ratio,vaccinateddose2ratio
INDIA,0.41870148748622604,0.12524127982338878
